{
  "startDate": "{{ start_date }}",
  "endDate": "{{ end_date }}",
  "numberOfMaps": {{ maps_count }},
  "numberOfDays": {{ number_of_days }},
  "mapsByDate" : [
  {% for date, maps in maps_by_date.items|dictsort:0 %}
    {
      "x": "{{ date }}",
      "y": {{ maps }}
    }{% if not forloop.last %},{% endif %}
  {% endfor %}
  ],
  "visibleMapsByDate": [
  {% for date, maps in visible_maps_by_date.items|dictsort:0 %}
    {
      "x": "{{ date }}",
      "y": {{ maps }}
    }{% if not forloop.last %},{% endif %}
  {% endfor %}
  ]
}